city,uid,title,before_expire,after_expire,current_expire,status
上海,douban:36554863,"相约江浙沪漂流的天花板将军关漂流，惊险刺激一路尖叫的湿身玩水之旅",2026-08-30 20:00:00,2026-07-05 23:59:59,2026-07-05 23:59:59,still_shortened
上海,douban:36982377,"环境式驻演音乐剧《去你的夏天》【李伟菘 李偲菘作品】",2026-07-19 22:00:00,2026-07-05 23:59:59,2026-07-05 23:59:59,still_shortened
上海,douban:37206586,"沉浸式原创音乐剧《雕像》",2026-08-02 21:00:00,2026-07-05 23:59:59,2026-07-05 23:59:59,still_shortened
上海,douban:37387530,"沉浸式悬念剧场《9号秘事》",2026-07-31 21:30:00,2026-07-05 23:59:59,2026-07-05 23:59:59,still_shortened
上海,douban:37430900,"【7月收官】耿子博导演作品 国内首部环境式沉浸舞蹈剧场《寅时说》",2026-07-19 21:00:00,2026-07-05 23:59:59,2026-07-05 23:59:59,still_shortened
上海,douban:37585385,"耿子博导演作品 环境式沉浸舞蹈剧场《九尾古董店》",2026-07-26 21:00:00,2026-07-05 23:59:59,2026-07-05 23:59:59,still_shortened
上海,douban:37604359,"原创音乐剧《""Savior""》",2026-07-31 21:30:00,2026-07-05 23:59:59,2026-07-05 23:59:59,still_shortened
上海,douban:37681087,"《天黑请闭眼》|惊悚喜剧｜悬疑话剧｜沉浸式小剧场进阶版｜密室体验感｜多重反转｜惊天真相",2026-07-31 21:00:00,2026-07-05 23:59:59,2026-07-05 23:59:59,still_shortened
上海,xiaohongshu:6a26a11a00000000070139c2:03_1,"上海科技馆「星光嘉年华」",2026-08-31 21:00:00,2026-07-05 23:59:59,2026-07-05 23:59:59,still_shortened
上海,xiaohongshu:6a26a11a00000000070139c2:09_0,"肇兴中国——秦·大一统之路文物考古特展",2026-09-07 23:59:59,2026-07-05 23:59:59,2026-07-05 23:59:59,still_shortened
上海,xiaohongshu:6a26a11a00000000070139c2:09_2,"第十六届国际传统艺术邀请展",2026-07-12 23:59:59,2026-07-05 23:59:59,2026-07-05 23:59:59,still_shortened
上海,xiaohongshu:6a26a11a00000000070139c2:10_2,"群星璀璨与人间烟火",2026-07-20 23:59:59,2026-07-05 23:59:59,2026-07-05 23:59:59,still_shortened
上海,xiaohongshu:6a26a11a00000000070139c2:11_0,"「青花+」艺术大展",2026-07-16 23:59:59,2026-07-05 23:59:59,2026-07-05 23:59:59,still_shortened
上海,xiaohongshu:6a26a11a00000000070139c2:11_1,"幽斯帕利斯",2026-09-20 23:59:59,2026-07-05 23:59:59,2026-07-05 23:59:59,still_shortened
上海,xiaohongshu:6a26a11a00000000070139c2:11_2,"儿童良友——上海近现代儿童玩具中的科普",2026-08-30 23:59:59,2026-07-05 23:59:59,2026-07-05 23:59:59,still_shortened
上海,xiaohongshu:6a26a11a00000000070139c2:12_0,"宝硕流光——故宫博物院藏乾隆时期文物特展",2026-11-18 23:59:59,2026-07-05 23:59:59,2026-07-05 23:59:59,still_shortened
上海,xiaohongshu:6a26a11a00000000070139c2:12_2,"AWHITE × 艺术家温秋雯联名艺术展",2026-07-09 23:59:59,2026-07-05 23:59:59,2026-07-05 23:59:59,still_shortened
上海,xiaohongshu:6a2fce3d000000001101dbd8:07_1,"浦江郊野公园奇迹花园区免费开放",2026-07-09 23:59:59,2026-07-05 23:59:59,2026-07-05 23:59:59,still_shortened
上海,xiaohongshu:6a2fce3d000000001101dbd8:08_1,"神马都好玩——当达拉木马遇见中国非遗",2026-08-31 23:59:59,2026-07-05 23:59:59,2026-07-05 23:59:59,still_shortened
上海,xiaohongshu:6a2fce3d000000001101dbd8:08_2,"云山雄天——蔡天雄艺海六十春秋回顾展",2026-07-18 23:59:59,2026-07-05 23:59:59,2026-07-05 23:59:59,still_shortened
上海,xiaohongshu:6a2fce3d000000001101dbd8:09_0,"时光代理人5周年——原画艺术巡回特展",2026-08-19 23:59:59,2026-07-05 23:59:59,2026-07-05 23:59:59,still_shortened
上海,xiaohongshu:6a2fce3d000000001101dbd8:09_1,"黎晨驰：坏品味的人",2026-08-09 23:59:59,2026-07-05 23:59:59,2026-07-05 23:59:59,still_shortened
上海,xiaohongshu:6a2fce3d000000001101dbd8:09_2,"江山人民——新时代中国青年艺术家邀请展",2026-07-30 23:59:59,2026-07-05 23:59:59,2026-07-05 23:59:59,still_shortened
上海,xiaohongshu:6a2fce3d000000001101dbd8:12_1,"观乎人文",2026-09-30 23:59:59,2026-07-05 23:59:59,2026-07-05 23:59:59,still_shortened
佛山,douban:37501341,"环球活体自然科普展（岭南新天地馆）",2026-08-31 23:59:59,2026-07-05 23:59:59,2026-07-05 23:59:59,still_shortened
佛山,douban:37622707,"【端午特惠，需预约】广东千古情门票+演出（凭身份证入场）",2026-08-31 20:00:00,2026-07-05 23:59:59,2026-07-05 23:59:59,still_shortened
佛山,douban:37879319,"【佛山市民年卡】广东千古情",2026-08-31 23:59:59,2026-07-05 23:59:59,2026-07-05 23:59:59,still_shortened
北京,douban:37497445,"【北京】沉浸儿童换装舞台剧《冰雪奇缘之冰雪女王》奇幻世界|角色扮演|梦幻森林|亲子儿童剧|打卡",2026-07-20 11:30:00,2026-07-05 23:59:59,2026-07-05 23:59:59,still_shortened
北京,douban:37645423,"【完整的感动篇章x20首精选曲目】《天空之城》《千与千寻》《菊次郎的夏天》久石让&宫崎骏经典视听音乐会",2026-07-11 18:00:00,2026-07-05 23:59:59,2026-07-05 23:59:59,still_shortened
北京,douban:37679940,"「超燃交响」史诗级电影金曲交响音乐会｜权力的游戏·加勒比海盗·星球大战",2026-07-10 21:00:00,2026-07-05 23:59:59,2026-07-05 23:59:59,still_shortened
北京,douban:37744131,"社交催眠：交谈中解决你的困扰",2026-09-08 15:00:00,2026-07-05 23:59:59,2026-07-05 23:59:59,still_shortened
北京,douban:37771953,"读书 | 庄子共读",2026-07-25 17:30:00,2026-07-05 23:59:59,2026-07-05 23:59:59,still_shortened
北京,douban:37778943,"开心麻花2026最新惊悚尖叫喜剧《诡才之道》沉浸版",2026-07-12 23:59:59,2026-07-05 23:59:59,2026-07-05 23:59:59,still_shortened
北京,douban:37782697,"周末茶话｜聊生活，遇知音",2026-08-30 17:00:00,2026-07-05 23:59:59,2026-07-05 23:59:59,still_shortened
北京,douban:37782972,"生活畅谈｜谈谈生活，邂逅友谊",2026-08-30 17:00:00,2026-07-05 23:59:59,2026-07-05 23:59:59,still_shortened
北京,xiaohongshu:6a26734900000000170284f5:06_1,"MOLLY二十周年特展",2026-07-19 23:59:59,2026-07-05 23:59:59,2026-07-05 23:59:59,still_shortened
北京,xiaohongshu:6a2fdb42000000001603cdc0:16_0,"兄弟战争快闪",2026-07-25 23:59:59,2026-07-05 23:59:59,2026-07-05 23:59:59,still_shortened
北京,xiaohongshu:6a2fdb42000000001603cdc0:16_1,"世界杯豪门IP官方授权店",2026-07-26 23:59:59,2026-07-05 23:59:59,2026-07-05 23:59:59,still_shortened
南京,douban:36526490,"大梦·红楼沉浸式展演",2026-07-31 23:59:59,2026-07-05 23:59:59,2026-07-05 23:59:59,still_shortened
南京,douban:36894081,"《冰龙寻珠》沉浸式VR全感剧场",2027-03-31 23:59:59,2026-07-05 23:59:59,2026-07-05 23:59:59,still_shortened
南京,douban:36894096,"火星营救/昆仑迷宫/末日历险·全感VR 三选一",2027-03-31 23:59:59,2026-07-05 23:59:59,2026-07-05 23:59:59,still_shortened
南京,douban:36894101,"大唐奇遇/接财神2选1·全感VR体验",2027-02-28 23:59:59,2026-07-05 23:59:59,2026-07-05 23:59:59,still_shortened
南京,douban:37268928,"【山海经之归墟有光】未来视界XR沉浸式探索中心|南京金陵天地站",2027-03-31 23:59:59,2026-07-05 23:59:59,2026-07-05 23:59:59,still_shortened
南京,douban:37486562,"『金陵笑谈』夫子庙水游城爆笑脱口秀 | 解压专场",2026-07-10 20:30:00,2026-07-05 23:59:59,2026-07-05 23:59:59,still_shortened
南京,douban:37495643,"乐园畅玩票",2027-11-30 23:59:59,2026-07-05 23:59:59,2026-07-05 23:59:59,still_shortened
南京,douban:37495926,"《魔法冰堡》沉浸式VR全感剧场",2027-11-30 23:59:59,2026-07-05 23:59:59,2026-07-05 23:59:59,still_shortened
南京,douban:37632372,"【南京】走向户外 · 19世纪以来西方油画真迹展",2026-08-30 23:59:59,2026-07-05 23:59:59,2026-07-05 23:59:59,still_shortened
南京,douban:37681411,"【南京】沉浸式悬疑音乐剧《THRILL ME》中文驻场版",2026-07-26 16:00:00,2026-07-05 23:59:59,2026-07-05 23:59:59,still_shortened
南京,douban:37681732,"开业早鸟票&秦潮觉醒沉浸式探索体验",2026-10-31 23:59:59,2026-07-05 23:59:59,2026-07-05 23:59:59,still_shortened
南京,douban:37701578,"《南城奇遇记》【秦淮有戏】古建特殊场域戏剧-南京必打卡",2026-07-31 21:30:00,2026-07-05 23:59:59,2026-07-05 23:59:59,still_shortened
南京,douban:37709941,"南京风起金陵沉浸式喜剧",2026-08-15 21:30:00,2026-07-05 23:59:59,2026-07-05 23:59:59,still_shortened
南京,douban:37726524,"《雾中排演》",2026-09-20 23:59:59,2026-07-05 23:59:59,2026-07-05 23:59:59,still_shortened
南京,douban:37728999,"【优待单人票】全店主题7选1",2028-02-29 23:59:59,2026-07-05 23:59:59,2026-07-05 23:59:59,still_shortened
南京,douban:37851868,"【猴面包树读书会】庞思奋《心理学与梦》12周共读",2026-07-26 21:30:00,2026-07-05 23:59:59,2026-07-05 23:59:59,still_shortened
南京,douban:37882378,"郁郁乎唐——一个多元开放的时代",2026-09-01 17:30:00,2026-07-05 23:59:59,2026-07-05 23:59:59,still_shortened
厦门,douban:37456964,"罗宾森艺术展",2026-08-31 23:59:59,2026-07-05 23:59:59,2026-07-05 23:59:59,still_shortened
厦门,douban:37491880,"帽子喜剧｜大咖脱口秀专场·全国巡演·厦门站｜爆笑解压｜约会必备｜组团开心【古地石专场】",2026-07-19 21:00:00,2026-07-05 23:59:59,2026-07-05 23:59:59,still_shortened
厦门,douban:37512355,"《奇幻巴比伦》厦门特展",2026-12-31 23:59:59,2026-07-05 23:59:59,2026-07-05 23:59:59,still_shortened
厦门,douban:37546264,"深境未来虚拟现实XR电影 单人票（多部任选一部）",2026-12-31 23:59:59,2026-07-05 23:59:59,2026-07-05 23:59:59,still_shortened
厦门,douban:37577516,"新质设计——红点产品设计大奖·中国获奖作品精选展",2026-09-30 23:59:59,2026-07-05 23:59:59,2026-07-05 23:59:59,still_shortened
厦门,douban:37714334,"【体验需预约】秦潮觉醒沉浸式探索体验",2026-12-31 23:59:59,2026-07-05 23:59:59,2026-07-05 23:59:59,still_shortened
哈尔滨,douban:37607166,"早鸟特惠《魔法冰堡·迷雾冰湖》全感XR",2027-12-31 23:59:59,2026-07-05 23:59:59,2026-07-05 23:59:59,still_shortened
哈尔滨,douban:37755527,"「黑龙江首展」中国国家地理·探索 极致发现科学艺术影像展",2026-09-30 23:59:59,2026-07-05 23:59:59,2026-07-05 23:59:59,still_shortened
天津,douban:36391406,"《宋美龄耳环丢了》张园纪念馆沉浸式夜游",2026-07-12 21:00:00,2026-07-05 23:59:59,2026-07-05 23:59:59,still_shortened
天津,douban:36632382,"新春特惠&秦潮觉醒沉浸式探索体验",2026-10-31 23:59:59,2026-07-05 23:59:59,2026-07-05 23:59:59,still_shortened
天津,douban:37628551,"天津数字艺术博物馆-《邮轮谜案》沉浸式实景·数字搜证剧本游",2026-07-31 23:59:00,2026-07-05 23:59:59,2026-07-05 23:59:59,still_shortened
天津,douban:37676788,"「天津首展」重溯魔法世界-格林童话200年奇幻之旅",2026-08-16 23:59:59,2026-07-05 23:59:59,2026-07-05 23:59:59,still_shortened
天津,douban:37711025,"“声影爵妙 电影中的爵士剧本” —经典电影爵士音乐会",2026-12-25 21:00:00,2026-07-05 23:59:59,2026-07-05 23:59:59,still_shortened
天津,douban:37711030,"【戏梦时空剧场】森罗万象天津民谣音乐演唱会",2026-12-19 21:00:00,2026-07-05 23:59:59,2026-07-05 23:59:59,still_shortened
天津,douban:37791214,"[天津看相声的好地方]黄河剧院相声大会",2026-07-31 23:30:00,2026-07-05 23:59:59,2026-07-05 23:59:59,still_shortened
天津,douban:37798583,"【天津首展】国家地理“百年魅力·天生出彩”经典影像大展",2026-08-30 23:59:59,2026-07-05 23:59:59,2026-07-05 23:59:59,still_shortened
天津,douban:37799548,"津湾大剧院名流茶馆相声专场",2026-09-30 21:30:00,2026-07-05 23:59:59,2026-07-05 23:59:59,still_shortened
天津,douban:37836071,"心灵驿站：读书、交友、新知",2026-07-18 17:00:00,2026-07-05 23:59:59,2026-07-05 23:59:59,still_shortened
天津,douban:37843779,"《铁血丹心》《一生所爱》经典武侠金曲音乐会",2026-07-12 15:50:00,2026-07-05 23:59:59,2026-07-05 23:59:59,still_shortened
天津,douban:37865814,"博物馆沉浸式讲解-津一往事",2026-07-31 23:59:00,2026-07-05 23:59:59,2026-07-05 23:59:59,still_shortened
天津,xiaohongshu:6a266499000000002003a6a3:05_1,"世界杯主题快闪",2026-07-22 23:59:59,2026-07-05 23:59:59,2026-07-05 23:59:59,still_shortened
宁波,douban:37426436,"双11狂欢特惠 | 灵境·大国重器 8K VR大空间虚拟现实体验",2026-12-31 23:59:59,2026-07-05 23:59:59,2026-07-05 23:59:59,still_shortened
宁波,douban:37494645,"蓝梗喜剧｜思博互动秀｜吐槽八卦｜互动交友｜即兴喜剧@楽1844店",2026-08-29 21:00:00,2026-07-05 23:59:59,2026-07-05 23:59:59,still_shortened
宁波,douban:37513037,"高山鸣泉-华茂典藏三十五周年油画与雕塑精品展",2026-09-06 23:59:00,2026-07-05 23:59:59,2026-07-05 23:59:59,still_shortened
宁波,douban:37622422,"【蓝梗喜剧】【宁波必看榜】每周脱口秀精品秀｜综艺卡司不定期空降@樂1844店",2026-08-29 21:00:00,2026-07-05 23:59:59,2026-07-05 23:59:59,still_shortened
宁波,douban:37811437,"一人一故事剧场演员招募",2026-07-10 16:00:00,2026-07-05 23:59:59,2026-07-05 23:59:59,still_shortened
宁波,douban:37818392,"【宁波站】二狗旗下|一支麦脱口秀「飞行计划」爆笑巡演",2026-07-11 21:00:00,2026-07-05 23:59:59,2026-07-05 23:59:59,still_shortened
宁波,douban:37870120,"吉伊卡哇chiikawa真人小剧场演员招募",2026-08-25 16:00:00,2026-07-05 23:59:59,2026-07-05 23:59:59,still_shortened
宁波,douban:37885786,"吉伊卡哇chiikawa模仿赛",2026-09-05 16:00:00,2026-07-05 23:59:59,2026-07-05 23:59:59,still_shortened
广州,douban:36705087,"广州·环境式驻演原创音乐剧《辛吉路的画材店》",2026-08-02 16:00:00,2026-07-05 23:59:59,2026-07-05 23:59:59,still_shortened
广州,douban:36965274,"「阿波罗尼亚前传」环境式驻演音乐剧《桑塔露琪亚》",2026-07-30 21:00:00,2026-07-05 23:59:59,2026-07-05 23:59:59,still_shortened
广州,douban:37412412,"「我来自他乡」青年社交圆桌｜交换故事共振能量点燃广州周末",2026-08-09 16:30:00,2026-07-05 23:59:59,2026-07-05 23:59:59,still_shortened
广州,douban:37450769,"广州｜周末充电计划，每周认识新朋友",2026-08-09 16:30:00,2026-07-05 23:59:59,2026-07-05 23:59:59,still_shortened
广州,douban:37468150,"广州青年主动社交的力量",2026-08-30 18:30:00,2026-07-05 23:59:59,2026-07-05 23:59:59,still_shortened
广州,douban:37489797,"「周末心声小聚」｜相约在广州和同频的人快乐聚会",2026-08-09 16:30:00,2026-07-05 23:59:59,2026-07-05 23:59:59,still_shortened
广州,douban:37619654,"读也图书馆 线下读书会 广州黄埔 长期组织",2026-07-11 17:00:00,2026-07-05 23:59:59,2026-07-05 23:59:59,still_shortened
广州,douban:37676029,"广州周末好去处｜撸猫读书畅聊～遇见同频有趣的小伙伴",2026-07-12 17:00:00,2026-07-05 23:59:59,2026-07-05 23:59:59,still_shortened
广州,douban:37717357,"快乐大集合｜在社交中解锁双倍快乐与成长密码",2026-08-09 16:30:00,2026-07-05 23:59:59,2026-07-05 23:59:59,still_shortened
广州,douban:37717361,"广州故事会｜周末快乐遇见活跃有趣新朋友",2026-08-09 16:30:00,2026-07-05 23:59:59,2026-07-05 23:59:59,still_shortened
广州,douban:37765394,"【粤语专场】江梓浩栋笃笑《廣東佬梓浩》｜快乐共暖@广州",2026-07-18 20:30:00,2026-07-05 23:59:59,2026-07-05 23:59:59,still_shortened
广州,douban:37815523,"卿之语｜周末小聚茶话会，共话生活与快乐，彼此照亮",2026-07-12 16:30:00,2026-07-05 23:59:59,2026-07-05 23:59:59,still_shortened
广州,douban:37818456,"「这桌」广州年轻人在这桌偶遇；邂逅有趣的你",2026-07-12 16:30:00,2026-07-05 23:59:59,2026-07-05 23:59:59,still_shortened
广州,douban:37860239,"阳山||墨石公园•梅子坪古道|| 徒步千年古道，打卡广东墨石公园",2026-08-09 20:30:00,2026-07-05 23:59:59,2026-07-05 23:59:59,still_shortened
广州,douban:37860316,"【英西峰林徒步】行摄英西峰林精华段，饱览“广东小桂林”喀斯特奇境",2026-08-09 20:00:00,2026-07-05 23:59:59,2026-07-05 23:59:59,still_shortened
广州,douban:37860806,"【深圳盐田栈道】打卡果冻玻璃海！玩转大梅沙10公里绝美海边栈道",2026-08-09 20:30:00,2026-07-05 23:59:59,2026-07-05 23:59:59,still_shortened
广州,douban:37860866,"惠州大南山徒步 观云海 看高山芦苇草原 邂逅最美高山草甸",2026-07-26 21:30:00,2026-07-05 23:59:59,2026-07-05 23:59:59,still_shortened
广州,douban:37860978,"醉美海岸线—深圳东西冲徒步穿越 +天文台网红栈道 一起看海去",2026-07-26 21:00:00,2026-07-05 23:59:59,2026-07-05 23:59:59,still_shortened
广州,douban:37865022,"「她·语」周末慢聊：一场属于内向者与外向者的友好对话",2026-08-09 16:30:00,2026-07-05 23:59:59,2026-07-05 23:59:59,still_shortened
广州,douban:37865032,"广州周末换脑对谈局｜社恐男女轻松融入｜遇见同频新朋友",2026-08-09 16:30:00,2026-07-05 23:59:59,2026-07-05 23:59:59,still_shortened
广州,douban:37869187,"周末约露营徒步羽毛球，交友运动两不误",2026-09-02 18:30:00,2026-07-05 23:59:59,2026-07-05 23:59:59,still_shortened
广州,douban:37870005,"进化论一周共读计划 | 1V1灵魂书友陪伴共读 互相鼓励 共同进化！",2026-08-16 17:00:00,2026-07-05 23:59:59,2026-07-05 23:59:59,still_shortened
广州,douban:37871802,"【绿光森林1天】增城乡村赏莲塘荷塘尝烧鸡“小九寨”白江湖溯溪戏水",2026-07-26 19:30:00,2026-07-05 23:59:59,2026-07-05 23:59:59,still_shortened
广州,douban:37871819,"6月7日 周日 海珠湖公园徒步+晚上唱K",2026-07-26 22:00:00,2026-07-05 23:59:59,2026-07-05 23:59:59,still_shortened
广州,douban:37871824,"【梅子坪古道1天】打卡广东版墨石公园，徒步千年古道",2026-07-31 20:30:00,2026-07-05 23:59:59,2026-07-05 23:59:59,still_shortened
广州,douban:37871990,"穿越惠州黑排角10KM大型徒步活动",2026-07-31 20:00:00,2026-07-05 23:59:59,2026-07-05 23:59:59,still_shortened
广州,douban:37872741,"广州｜来一场低压力的成长聊天局，和同频的人慢慢变好",2026-07-26 16:30:00,2026-07-05 23:59:59,2026-07-05 23:59:59,still_shortened
广州,douban:37873445,"【广宁小东江1天】徒步醉美江边郊野径，穿越十里竹海",2026-07-31 19:30:00,2026-07-05 23:59:59,2026-07-05 23:59:59,still_shortened
广州,douban:37873468,"【广州第一峰天堂顶1天】 登广州最高峰",2026-07-31 20:00:00,2026-07-05 23:59:59,2026-07-05 23:59:59,still_shortened
广州,douban:37873496,"【美食增城1天】摘荔枝任吃&赏莲塘尝烧鸡溯溪戏水",2026-07-31 20:00:00,2026-07-05 23:59:59,2026-07-05 23:59:59,still_shortened
广州,douban:37878516,"每周二广州线下｜12人中年破圈社交局",2026-08-25 16:00:00,2026-07-05 23:59:59,2026-07-05 23:59:59,still_shortened
广州,douban:37878543,"周四｜销售力沙龙-告别不会卖、不好意思卖",2026-07-30 12:00:00,2026-07-05 23:59:59,2026-07-05 23:59:59,still_shortened
广州,douban:37882125,"【清远小九寨沟】太和古洞溯溪游泳+白庙渔村打卡北江风光",2026-07-31 20:00:00,2026-07-05 23:59:59,2026-07-05 23:59:59,still_shortened
广州,douban:37882164,"【中山“小丽江”+逍遥谷】中山三溪村漫游，逍遥谷玩水游泳",2026-07-31 20:00:00,2026-07-05 23:59:59,2026-07-05 23:59:59,still_shortened
广州,douban:37882188,"【肇庆紫云谷溯溪1天】媲美九寨沟的避暑天堂，千年紫云谷溯溪玩水",2026-07-31 20:00:00,2026-07-05 23:59:59,2026-07-05 23:59:59,still_shortened
广州,douban:37882208,"【千泷沟穿越1天】徒步穿越千泷沟大瀑布，行摄万亩竹海",2026-07-31 20:30:00,2026-07-05 23:59:59,2026-07-05 23:59:59,still_shortened
广州,douban:37882394,"【阳山江英古道1天】喀斯特地貌深处，探寻千年古道记忆",2026-07-31 20:00:00,2026-07-05 23:59:59,2026-07-05 23:59:59,still_shortened
广州,douban:37882439,"【黑排角徒步1天】徒步海岸奇观黑排角，彩石滩拍大片",2026-07-31 21:00:00,2026-07-05 23:59:59,2026-07-05 23:59:59,still_shortened
广州,douban:37883797,"周二｜12人高质量深度破圈社交局",2026-07-28 16:00:00,2026-07-05 23:59:59,2026-07-05 23:59:59,still_shortened
广州,douban:37883816,"周四｜销售力实战沙龙，告别不会“卖”和不好意思“卖”的难题",2026-07-30 12:00:00,2026-07-05 23:59:59,2026-07-05 23:59:59,still_shortened
广州,douban:37884560,"周六日我图阿瓦隆",2026-08-30 23:00:00,2026-07-05 23:59:59,2026-07-05 23:59:59,still_shortened
广州,douban:37884573,"普拉提活动（男生也友好），周三晚，珠江新城",2026-08-26 20:30:00,2026-07-05 23:59:59,2026-07-05 23:59:59,still_shortened
广州,douban:37884596,"羽毛球活动，按水平分组，拒绝碾压",2026-08-23 18:00:00,2026-07-05 23:59:59,2026-07-05 23:59:59,still_shortened
广州,douban:37886593,"广州年轻人破圈新方式",2026-08-29 22:00:00,2026-07-05 23:59:59,2026-07-05 23:59:59,still_shortened
广州,douban:37888001,"广州【周日 | 白云草坪露营交友】轻氧社交、夏日露营烤肉火锅",2026-08-30 21:30:00,2026-07-05 23:59:59,2026-07-05 23:59:59,still_shortened
广州,douban:37888172,"百年心园･OH卡夏日探索系列主题沙龙",2026-07-12 17:00:00,2026-07-05 23:59:59,2026-07-05 23:59:59,still_shortened
广州,xiaohongshu:6a2675f40000000006021e9d:06_0,"风景与想象之间 意大利当代艺术在中国",2026-08-05 23:59:59,2026-07-05 23:59:59,2026-07-05 23:59:59,still_shortened
广州,xiaohongshu:6a2675f40000000006021e9d:06_1,"CROSSOVER 潮流艺术节",2026-08-05 22:00:00,2026-07-05 23:59:59,2026-07-05 23:59:59,still_shortened
广州,xiaohongshu:6a2675f40000000006021e9d:07_0,"葵山-许江艺术展",2026-09-06 23:59:59,2026-07-05 23:59:59,2026-07-05 23:59:59,still_shortened
广州,xiaohongshu:6a2675f40000000006021e9d:07_1,"四季倒影 光之镜中的自然",2026-08-05 23:59:59,2026-07-05 23:59:59,2026-07-05 23:59:59,still_shortened
广州,xiaohongshu:6a2675f40000000006021e9d:09_0,"其命惟新 东美术百年陈列展",2026-07-09 23:59:59,2026-07-05 23:59:59,2026-07-05 23:59:59,still_shortened
广州,xiaohongshu:6a2675f40000000006021e9d:09_1,"长风万里 关山月艺术大展",2026-08-19 23:59:59,2026-07-05 23:59:59,2026-07-05 23:59:59,still_shortened
广州,xiaohongshu:6a2becf20000000015026e6a:03_0,"魔法少女小圆 圆梦如织",2026-07-12 23:59:59,2026-07-05 23:59:59,2026-07-05 23:59:59,still_shortened
广州,xiaohongshu:6a2becf20000000015026e6a:03_1,"甜心格格15周年展",2026-07-31 23:59:59,2026-07-05 23:59:59,2026-07-05 23:59:59,still_shortened
成都,douban:36708520,"成都「生命的纪元 Life Chronicles」沉浸式探索体验",2026-12-31 23:59:59,2026-07-05 23:59:59,2026-07-05 23:59:59,still_shortened
成都,douban:37200065,"《启程:火星》航天数字探索展×VR大空间·前沿科技打造航天主题超体验·“宇宙级”震撼打卡空间",2026-12-31 23:59:59,2026-07-05 23:59:59,2026-07-05 23:59:59,still_shortened
成都,douban:37349113,"[成都·之几美术馆] 威尼斯电影节金狮奖沉浸式VR交互体验《苍穹》",2026-12-31 23:59:59,2026-07-05 23:59:59,2026-07-05 23:59:59,still_shortened
成都,douban:37435717,"【成都】消失的法老——胡夫金字塔沉浸式探索体验展",2026-12-31 23:59:59,2026-07-05 23:59:59,2026-07-05 23:59:59,still_shortened
成都,douban:37597090,"【成都艺术展】中国近现代水墨国宝级|177件馆藏展：徐悲鸿、齐白石、张大千、黄宾虹",2026-12-31 23:59:59,2026-07-05 23:59:59,2026-07-05 23:59:59,still_shortened
成都,douban:37647520,"【成都】「消失的法老——胡夫金字塔沉浸式探索体验」",2026-12-31 23:59:59,2026-07-05 23:59:59,2026-07-05 23:59:59,still_shortened
成都,douban:37680744,"体验零基础画画的乐趣，素描-彩铅-水彩-油画-国画",2026-07-31 23:00:00,2026-07-05 23:59:59,2026-07-05 23:59:59,still_shortened
成都,douban:37695665,"【成都】「要塞1304：卡尔卡松的荣耀」",2026-12-31 23:59:59,2026-07-05 23:59:59,2026-07-05 23:59:59,still_shortened
成都,douban:37702652,"成都「永恒的巴黎圣母院」沉浸式探索体验",2027-09-30 23:59:00,2026-07-05 23:59:59,2026-07-05 23:59:59,still_shortened
成都,douban:37778723,"[新物种IX：关键类群]2026跨媒介当代艺术邀请展",2026-08-16 23:59:00,2026-07-05 23:59:59,2026-07-05 23:59:59,still_shortened
成都,douban:37809960,"消失的法老2：建造者之谜（成都·铁像寺水街）",2027-04-30 23:59:59,2026-07-05 23:59:59,2026-07-05 23:59:59,still_shortened
成都,douban:37813950,"太平洋影城（金沙店）XR沉浸式体验馆",2026-12-31 23:59:00,2026-07-05 23:59:59,2026-07-05 23:59:59,still_shortened
成都,douban:37828948,"太古里脱口秀喜剧｜限量特惠 | 【魔脱喜剧】周一至周日每天三场｜爆笑脱口秀欢乐大会",2026-07-31 21:00:00,2026-07-05 23:59:59,2026-07-05 23:59:59,still_shortened
成都,douban:37851840,"钢铁与荣耀：意大利都灵王宫博物馆藏骑士文物展",2026-08-23 17:00:00,2026-07-05 23:59:59,2026-07-05 23:59:59,still_shortened
成都,douban:37859665,"第十二届iSTART儿童艺术节「种子·群岛·漫游记」",2026-08-30 23:59:00,2026-07-05 23:59:59,2026-07-05 23:59:59,still_shortened
成都,douban:37879723,"【小家庭影院的chill观影局】",2026-08-26 22:00:00,2026-07-05 23:59:59,2026-07-05 23:59:59,still_shortened
成都,douban:37885178,"一起抄心经",2026-07-29 21:00:00,2026-07-05 23:59:59,2026-07-05 23:59:59,still_shortened
成都,xiaohongshu:6a267f970000000015025aa9:04_2,"卧龙中华大熊猫苑PANDA熊猫展成都首展",2026-07-19 23:59:59,2026-07-05 23:59:59,2026-07-19 23:59:59,restored
成都,xiaohongshu:6a267f970000000015025aa9:05_2,"「狸岛漫记」超级空间",2026-07-23 23:59:59,2026-07-05 23:59:59,2026-07-05 23:59:59,still_shortened
成都,xiaohongshu:6a267f970000000015025aa9:06_2,"斯文在兹-彭州文庙遗珍特展",2026-10-08 20:00:00,2026-07-05 23:59:59,2026-07-05 23:59:59,still_shortened
成都,xiaohongshu:6a267f970000000015025aa9:07_2,"种子·群岛·漫游记第十二届iSTART儿童艺术节",2026-08-30 23:59:59,2026-07-05 23:59:59,2026-07-05 23:59:59,still_shortened
成都,xiaohongshu:6a2fb1ae000000001101e8df:09_2,"马克图布玩具总动员主题快闪西南首站",2026-07-31 23:59:59,2026-07-05 23:59:59,2026-07-05 23:59:59,still_shortened
成都,xiaohongshu:6a2fb1ae000000001101e8df:10_2,"卧龙中华大熊猫苑PANDA熊猫展成都首展",2026-07-19 23:59:59,2026-07-05 23:59:59,2026-07-05 23:59:59,still_shortened
成都,xiaohongshu:6a2fb1ae000000001101e8df:11_2,"小森林耍水季",2026-09-06 23:59:59,2026-07-05 23:59:59,2026-07-05 23:59:59,still_shortened
成都,xiaohongshu:6a2fb1ae000000001101e8df:12_1,"经纬密码——蜀锦织造工具里的智慧特展",2026-07-28 23:59:59,2026-07-05 23:59:59,2026-07-05 23:59:59,still_shortened
成都,xiaohongshu:6a2fb1ae000000001101e8df:12_2,"二十四伎乐器乐剧《蜀宫乐宴》美学展",2026-08-16 23:59:59,2026-07-05 23:59:59,2026-07-05 23:59:59,still_shortened
成都,xiaohongshu:6a2fb1ae000000001101e8df:13_0,"""PINKMOON""主题数字艺术展览",2026-07-12 23:59:59,2026-07-05 23:59:59,2026-07-05 23:59:59,still_shortened
成都,xiaohongshu:6a2fb1ae000000001101e8df:13_2,"序章展览：超矩阵",2026-07-26 23:59:59,2026-07-05 23:59:59,2026-07-05 23:59:59,still_shortened
成都,xiaohongshu:6a3361de00000000200388ff:13_1,"「经纬密码——蜀锦织造工具里的智慧」特展",2026-07-28 23:59:59,2026-07-05 23:59:59,2026-07-05 23:59:59,still_shortened
成都,xiaohongshu:6a3361de00000000200388ff:14_0,"山林野芳·灿然客观-姚思敏中国画展",2026-07-12 23:59:59,2026-07-05 23:59:59,2026-07-05 23:59:59,still_shortened
无锡,douban:37676721,"体验画画---零基础油画棒、水彩、彩铅、素描",2026-07-28 23:00:00,2026-07-05 23:59:59,2026-07-05 23:59:59,still_shortened
无锡,douban:37773783,"【重磅卡司】三阳广场全新剧场-大鹅喜剧精品专场｜套票超值优惠｜沉浸式爆笑体验",2026-08-22 21:00:00,2026-07-05 23:59:59,2026-07-05 23:59:59,still_shortened
杭州,douban:34815085,"笑海相声专场 | 脱口秀PK相声拼盘|周一到周日|笑到“脱相”| 笑嗨喜剧VS笑海相声 | 脱口秀大烩|漫才|吐槽",2026-07-31 21:00:00,2026-07-05 23:59:59,2026-07-05 23:59:59,still_shortened
杭州,douban:36286690,"印象西湖·最忆是杭州大型水上实景演出",2026-07-31 20:35:00,2026-07-05 23:59:59,2026-07-05 23:59:59,still_shortened
杭州,douban:37422798,"VR展《月球探险》MR大空间沉浸式体验",2026-12-31 23:59:59,2026-07-05 23:59:59,2026-07-05 23:59:59,still_shortened
杭州,douban:37570576,"【松果喜剧】西湖脱口秀精品秀or全女脱口秀@湖滨银泰in77 E区二楼",2026-07-31 21:00:00,2026-07-05 23:59:59,2026-07-05 23:59:59,still_shortened
杭州,douban:37648505,"VR展【限时早鸟】《凡尔赛：太阳王的失落花园》大空间VR沉浸体验",2026-08-31 23:59:59,2026-07-05 23:59:59,2026-07-05 23:59:59,still_shortened
杭州,douban:37648530,"VR展【限时早鸟】《泰坦尼克号·遗世回响》大空间VR沉浸体验",2026-08-31 23:59:59,2026-07-05 23:59:59,2026-07-05 23:59:59,still_shortened
杭州,douban:37648551,"VR展【限时早鸟】《小王子：星旅奇遇》大空间XR沉浸体验",2026-12-31 23:59:59,2026-07-05 23:59:59,2026-07-05 23:59:59,still_shortened
杭州,douban:37648873,"VR展《太空奥德赛》沉浸式VR探索体验",2026-12-31 23:59:59,2026-07-05 23:59:59,2026-07-05 23:59:59,still_shortened
杭州,douban:37669962,"剧本游《胡宅寻商记》",2026-12-26 23:59:59,2026-07-05 23:59:59,2026-07-05 23:59:59,still_shortened
杭州,douban:37777719,"一月一书 | 《生命的重建》、《生活即教育》、《耶路撒冷三千年》...",2026-08-23 17:00:00,2026-07-05 23:59:59,2026-07-05 23:59:59,still_shortened
杭州,douban:37834026,"D59蝴蝶谷·萌宠乐园",2026-08-31 23:59:59,2026-07-05 23:59:59,2026-07-05 23:59:59,still_shortened
杭州,douban:37855987,"全国首展预售 | 陈七四的夏日MEW乐园",2026-08-31 23:59:59,2026-07-05 23:59:59,2026-07-05 23:59:59,still_shortened
杭州,douban:37869977,"进化论一周共读计划 | 1V1灵魂书友陪伴共读 互相鼓励 共同进化！",2026-08-16 17:00:00,2026-07-05 23:59:59,2026-07-05 23:59:59,still_shortened
杭州,douban:37881635,"刺猬的优雅 读书会",2026-08-15 13:00:00,2026-07-05 23:59:59,2026-07-05 23:59:59,still_shortened
杭州,xiaohongshu:6a267b82000000001603ce6a:01_0,"Mark Power：万籁此俱寂展",2026-07-10 23:59:59,2026-07-05 23:59:59,2026-07-05 23:59:59,still_shortened
杭州,xiaohongshu:6a267b82000000001603ce6a:02_1,"PONOO治愈艺术个展",2026-08-07 23:59:59,2026-07-05 23:59:59,2026-07-05 23:59:59,still_shortened
杭州,xiaohongshu:6a267b82000000001603ce6a:04_0,"杭州的博物馆临时展览推介案例展",2026-10-15 23:59:59,2026-07-05 23:59:59,2026-07-05 23:59:59,still_shortened
杭州,xiaohongshu:6a267b82000000001603ce6a:05_0,"亚洲古代陶瓷技艺的交流",2026-09-15 23:59:59,2026-07-05 23:59:59,2026-07-05 23:59:59,still_shortened
杭州,xiaohongshu:6a267b82000000001603ce6a:05_2,"杭州与宁波的宋代官式建筑美学",2026-08-31 23:59:59,2026-07-05 23:59:59,2026-07-05 23:59:59,still_shortened
杭州,xiaohongshu:6a2f9bb90000000006031218:06_0,"微醺夜生活计划",2026-07-19 23:59:59,2026-07-05 23:59:59,2026-07-05 23:59:59,still_shortened
武汉,douban:37323790,"【武汉】「要塞1304：卡尔卡松的荣耀」",2026-12-31 23:59:59,2026-07-05 23:59:59,2026-07-05 23:59:59,still_shortened
武汉,douban:37409573,"【武汉】「永恒的巴黎圣母院」沉浸式探索体验",2027-09-30 23:59:00,2026-07-05 23:59:59,2026-07-05 23:59:59,still_shortened
武汉,douban:37410029,"【武汉首展】威尼斯电影节金狮奖VR沉浸体验《苍穹》（Spheres）",2026-08-31 23:59:59,2026-07-05 23:59:59,2026-07-05 23:59:59,still_shortened
武汉,douban:37431981,"《爱如昙华》昙华林独家丨民国爱情舞台剧",2026-07-26 17:30:00,2026-07-05 23:59:59,2026-07-05 23:59:59,still_shortened
武汉,douban:37557408,"每周末 （读书会）你有什么书籍可以分享，看看你的书单",2026-08-01 16:30:00,2026-07-05 23:59:59,2026-07-05 23:59:59,still_shortened
武汉,douban:37602306,"《解构|重现 文艺复兴》沉浸式光影艺术展",2026-08-30 23:59:59,2026-07-05 23:59:59,2026-07-05 23:59:59,still_shortened
武汉,douban:37651335,"【二狗推荐】付二互动秀《逃离一会》@算鸟喜剧",2026-07-17 20:40:00,2026-07-05 23:59:59,2026-07-05 23:59:59,still_shortened
武汉,douban:37651748,"欢乐童年·非遗国粹亲子皮影戏",2026-08-15 12:00:00,2026-07-05 23:59:59,2026-07-05 23:59:59,still_shortened
武汉,douban:37679152,"【武汉】「巴黎1874·印象派之夜」沉浸式探索体验",2026-12-31 23:59:59,2026-07-05 23:59:59,2026-07-05 23:59:59,still_shortened
武汉,douban:37714486,"【武汉】「消失的法老」胡夫金字塔沉浸式探索体验",2027-04-29 23:59:59,2026-07-05 23:59:59,2026-07-05 23:59:59,still_shortened
武汉,douban:37715834,"【武汉】「生命的纪元 Life Chronicles」沉浸式探索体验",2027-04-29 23:59:59,2026-07-05 23:59:59,2026-07-05 23:59:59,still_shortened
武汉,douban:37765223,"武汉天乐社相声大会-吉庆街剧场",2026-07-31 21:00:00,2026-07-05 23:59:59,2026-07-05 23:59:59,still_shortened
武汉,douban:37810024,"消失的法老2：建造者之谜（武汉·新天地南馆）",2027-04-30 23:59:59,2026-07-05 23:59:59,2026-07-05 23:59:59,still_shortened
武汉,douban:37844930,"沉浸式互动剧——《曙光之前》",2026-07-26 21:00:00,2026-07-05 23:59:59,2026-07-05 23:59:59,still_shortened
武汉,douban:37847846,"[武汉首展]鸠央·爪爪乌托邦·宠物友好艺术展",2026-10-11 23:59:59,2026-07-05 23:59:59,2026-07-05 23:59:59,still_shortened
武汉,douban:37870016,"进化论一周共读计划 | 1V1灵魂书友陪伴共读 互相鼓励 共同进化！",2026-08-16 17:00:00,2026-07-05 23:59:59,2026-07-05 23:59:59,still_shortened
武汉,douban:37878001,"每周一个看展故事，每周一段不同感悟！",2026-11-15 17:30:00,2026-07-05 23:59:59,2026-07-05 23:59:59,still_shortened
武汉,xiaohongshu:6a26780c0000000021020f6d:02_2,"「旅途愉快」天台歌会",2026-07-31 20:00:00,2026-07-05 23:59:59,2026-07-05 23:59:59,still_shortened
武汉,xiaohongshu:6a26780c0000000021020f6d:03_0,"襄阳华侨城奇梦海滩水乐园开园",2026-07-13 23:59:59,2026-07-05 23:59:59,2026-07-05 23:59:59,still_shortened
武汉,xiaohongshu:6a26780c0000000021020f6d:06_0,"雷霆丑猫·个展",2026-08-12 23:59:59,2026-07-05 23:59:59,NOT_FOUND,not_in_db
武汉,xiaohongshu:6a26780c0000000021020f6d:06_2,"「寻绎夏商」特展",2026-10-18 23:59:59,2026-07-05 23:59:59,2026-07-05 23:59:59,still_shortened
武汉,xiaohongshu:6a2fb49500000000150255ed:06_0,"武汉欢乐谷「武汉话动物城」上新",2026-07-19 23:59:59,2026-07-05 23:59:59,2026-07-05 23:59:59,still_shortened
武汉,xiaohongshu:6a2fb49500000000150255ed:06_2,"木兰草原天水节",2026-08-31 23:59:59,2026-07-05 23:59:59,2026-07-05 23:59:59,still_shortened
武汉,xiaohongshu:6a335a2e000000001c025afd:03_1,"剑网3主题餐厅xGOODSLOVE",2026-08-07 23:59:59,2026-07-05 23:59:59,2026-07-05 23:59:59,still_shortened
武汉,xiaohongshu:6a335a2e000000001c025afd:10_1,"Pingu快闪",2026-07-15 23:59:59,2026-07-05 23:59:59,2026-07-05 23:59:59,still_shortened
沈阳,douban:37005180,"[沈阳]开心麻花首部惊悚爆笑戏剧《开心聊斋·三生沉浸版》",2026-07-31 19:05:00,2026-07-05 23:59:59,2026-07-05 23:59:59,still_shortened
沈阳,douban:37563903,"【沈阳】唐宋风华·数字艺术展",2026-12-31 23:59:59,2026-07-05 23:59:59,2026-07-05 23:59:59,still_shortened
沈阳,douban:37652228,"【戏剧嘉年华】悬疑侦探话剧|沉浸式-经典话剧《完美犯罪》1：1比例还原庭审现场|多种结局",2026-08-31 20:40:00,2026-07-05 23:59:59,2026-07-05 23:59:59,still_shortened
沈阳,douban:37652268,"【亲子天天乐】沉浸式益智推理儿童剧《小小侦探福尔摩斯》推理侦探二次元经典",2026-08-31 18:55:00,2026-07-05 23:59:59,2026-07-05 23:59:59,still_shortened
沈阳,douban:37652318,"【爆笑即兴喜剧脱口秀】步行街之夜|即兴喜剧脱口秀|即兴吐槽解压",2026-08-31 20:41:00,2026-07-05 23:59:59,2026-07-05 23:59:59,still_shortened
沈阳,douban:37652377,"【戏剧嘉年华】同学会《青春学院》互动换装回忆杀|全环境式喜剧演出",2026-08-31 20:40:00,2026-07-05 23:59:59,2026-07-05 23:59:59,still_shortened
沈阳,douban:37764505,"红梅文创园-味觉博物馆",2026-12-31 23:59:59,2026-07-05 23:59:59,2026-07-05 23:59:59,still_shortened
沈阳,douban:37768982,"【相声大会笑聚一堂】相声局笑到服",2026-07-25 20:40:00,2026-07-05 23:59:59,2026-07-05 23:59:59,still_shortened
沈阳,douban:37797907,"【沈阳首展】国家地理“百年魅力·天生出彩”经典影像大展",2026-08-30 23:59:59,2026-07-05 23:59:59,2026-07-05 23:59:59,still_shortened
沈阳,douban:37813363,"把心安住 - 禅修止语静心活动",2026-07-09 20:00:00,2026-07-05 23:59:59,2026-07-05 23:59:59,still_shortened
沈阳,douban:37833079,"红梅文创园|一半勇敢，也是超勇敢——何佩璇艺术个展",2026-07-19 23:59:59,2026-07-05 23:59:59,2026-07-05 23:59:59,still_shortened
沈阳,douban:37835813,"红梅文创园|天光图景——王浩个展",2026-07-19 23:59:59,2026-07-05 23:59:59,2026-07-05 23:59:59,still_shortened
深圳,douban:36621203,"《海上钢琴师1900》经典名曲钢琴独奏音乐会",2026-08-08 20:30:00,2026-07-05 23:59:59,2026-07-05 23:59:59,still_shortened
深圳,douban:37732322,"深圳青年周末“无差别”快乐聚会桌游综艺沙龙",2026-08-15 20:30:00,2026-07-05 23:59:59,2026-07-05 23:59:59,still_shortened
深圳,douban:37739835,"深圳安格斯每周日英语角-Angus English Corner",2026-08-02 17:30:00,2026-07-05 23:59:59,2026-07-05 23:59:59,still_shortened
深圳,douban:37856970,"5.16职业“芳”向指南针：职业生涯探索，慢慢看清热爱在哪儿",2026-08-08 21:30:00,2026-07-05 23:59:59,2026-07-05 23:59:59,still_shortened
深圳,douban:37860218,"5.16颂钵疗愈+欧卡：深度放松，给疲惫的人一场有回响的对话",2026-08-08 16:00:00,2026-07-05 23:59:59,2026-07-05 23:59:59,still_shortened
深圳,douban:37862508,"5.16匹克球+飞盘：一次体验双重快乐！",2026-08-08 20:30:00,2026-07-05 23:59:59,2026-07-05 23:59:59,still_shortened
深圳,douban:37864969,"5.16桌游局：阵营对抗还是大家的最爱！打累了玩点毛线！",2026-08-08 22:30:00,2026-07-05 23:59:59,2026-07-05 23:59:59,still_shortened
深圳,douban:37864999,"5.16原生家庭对亲密关系的影响主题沙龙：不再把锅甩给童年",2026-08-08 18:00:00,2026-07-05 23:59:59,2026-07-05 23:59:59,still_shortened
深圳,douban:37870086,"5.21财富心理学沙龙：找到限制你赚钱与守钱的隐形天花板",2026-08-13 22:00:00,2026-07-05 23:59:59,2026-07-05 23:59:59,still_shortened
深圳,douban:37871066,"5.23桌游局：阵营对抗还是大家的最爱！打累了玩点毛线！",2026-08-15 22:00:00,2026-07-05 23:59:59,2026-07-05 23:59:59,still_shortened
深圳,douban:37871073,"5.24正念冥想沙龙：不消灭情绪，只培养面对情绪的心力",2026-08-16 21:30:00,2026-07-05 23:59:59,2026-07-05 23:59:59,still_shortened
深圳,douban:37871085,"5.24正念冥想沙龙：沉浸式情绪觉察，让情绪自然流动",2026-08-16 15:30:00,2026-07-05 23:59:59,2026-07-05 23:59:59,still_shortened
深圳,douban:37871095,"5.23匹克球+飞盘双体验，新手老手都欢迎！",2026-08-15 20:30:00,2026-07-05 23:59:59,2026-07-05 23:59:59,still_shortened
深圳,douban:37871530,"5.21舞动疗愈：从香气开始，放松神经，不用舞蹈基础",2026-08-13 21:00:00,2026-07-05 23:59:59,2026-07-05 23:59:59,still_shortened
深圳,douban:37872002,"5.23【单身爬山局】初夏好天气！都市森林氧吧徒步+饭局！",2026-08-15 18:00:00,2026-07-05 23:59:59,2026-07-05 23:59:59,still_shortened
深圳,douban:37873183,"5.24攻防箭心动狙击丨团队PK巅峰对决，智商体力双比拼！",2026-08-16 17:30:00,2026-07-05 23:59:59,2026-07-05 23:59:59,still_shortened
深圳,douban:37874541,"5.28沟通技巧沙龙：掌握让人舒服的说话艺术，带你走出沟通困局",2026-08-20 22:00:00,2026-07-05 23:59:59,2026-07-05 23:59:59,still_shortened
深圳,douban:37874583,"5.28芳香×OH卡沙龙：闻香玩欧卡，未知手作，已知松弛",2026-08-20 21:00:00,2026-07-05 23:59:59,2026-07-05 23:59:59,still_shortened
深圳,douban:37874908,"5.31正念沙龙关系主题：先与自己和解，再与世界温柔相处",2026-08-23 21:30:00,2026-07-05 23:59:59,2026-07-05 23:59:59,still_shortened
深圳,douban:37875430,"5.30桌游局：阵营对抗还是大家的最爱！3-4桌游戏选择！",2026-08-22 22:00:00,2026-07-05 23:59:59,2026-07-05 23:59:59,still_shortened
深圳,douban:37875591,"5.31桌游局：狼阿瓦隆德州白蔷薇怒海求生险恶疑航忍者杀~",2026-08-23 19:00:00,2026-07-05 23:59:59,2026-07-05 23:59:59,still_shortened
深圳,douban:37875735,"5.30匹克球+飞盘双体验，让人愿意反复参加的运动局！",2026-08-22 20:30:00,2026-07-05 23:59:59,2026-07-05 23:59:59,still_shortened
深圳,douban:37875850,"5.31猫和老鼠六一主题摇摆舞会：爵士乐一响，快乐自动加载！",2026-08-23 22:00:00,2026-07-05 23:59:59,2026-07-05 23:59:59,still_shortened
深圳,douban:37876330,"5.30【密室逃脱】谜题是破冰器，微恐温馨都有，解压、解谜",2026-08-22 20:30:00,2026-07-05 23:59:59,2026-07-05 23:59:59,still_shortened
深圳,douban:37876752,"5.28舞动疗愈：只有你与自己身体的对话，与四种自然能量共振",2026-08-20 21:00:00,2026-07-05 23:59:59,2026-07-05 23:59:59,still_shortened
深圳,douban:37879621,"6.21亲密关系沙龙：让每一次争执，都变成关系进一步升温的契机",2026-08-23 18:00:00,2026-07-05 23:59:59,2026-07-05 23:59:59,still_shortened
深圳,douban:37879633,"6.6原生家庭主题沙龙：别让你的亲密关系，活成父母的翻版",2026-08-29 18:00:00,2026-07-05 23:59:59,2026-07-05 23:59:59,still_shortened
深圳,douban:37880273,"6.6南山区桌游局：狼阿瓦隆白蔷薇怒海求生险恶疑航忍者杀等~",2026-08-29 22:00:00,2026-07-05 23:59:59,2026-07-05 23:59:59,still_shortened
深圳,douban:37880368,"6.6匹克球+飞盘双体验，终于体验到四人对打的快乐了！",2026-08-29 20:30:00,2026-07-05 23:59:59,2026-07-05 23:59:59,still_shortened
深圳,douban:37881323,"6.7青春时光机丨趣味“高考”主题派对，有趣社交认识新同学！",2026-08-30 17:00:00,2026-07-05 23:59:59,2026-07-05 23:59:59,still_shortened
深圳,douban:37882074,"6.6爱的五大能力主题沙龙：放下“你必须改”的执念，学会正向影响",2026-08-29 18:00:00,2026-07-05 23:59:59,2026-07-05 23:59:59,still_shortened
深圳,douban:37882081,"6.7心理剧本杀：诺亚方舟大逃杀，角色扮演、灵魂剖析、破冰游戏",2026-08-30 18:00:00,2026-07-05 23:59:59,2026-07-05 23:59:59,still_shortened
深圳,douban:37882884,"7月仲夏夜心动计划丨五大环节沉浸式破冰，深度连接每一刻",2026-09-12 17:00:00,2026-07-05 23:59:59,2026-07-05 23:59:59,still_shortened
深圳,douban:37882896,"6.13颂钵催眠体验：潜意识用象征性语言写给自己的一封信",2026-09-05 16:00:00,2026-07-05 23:59:59,2026-07-05 23:59:59,still_shortened
深圳,douban:37882901,"6.11舞动疗愈：只有你与自己身体的对话",2026-09-03 21:00:00,2026-07-05 23:59:59,2026-07-05 23:59:59,still_shortened
深圳,douban:37883621,"零基础摇摆舞夜校丨6.10-7.1每周三199跳四节swing！",2026-09-02 21:30:00,2026-07-05 23:59:59,2026-07-05 23:59:59,still_shortened
深圳,douban:37883956,"6.10芳香×OH卡×绘画沙龙：心灵潘多拉，绘出你的希望绿洲！",2026-09-02 21:00:00,2026-07-05 23:59:59,2026-07-05 23:59:59,still_shortened
深圳,douban:37883969,"6.23金钱关系探索沙龙：探索它、看见它、聆听它",2026-09-08 21:00:00,2026-07-05 23:59:59,2026-07-05 23:59:59,still_shortened
深圳,douban:37884600,"6.13南山区桌游局：新加入女巫镇和血染钟楼，狼阿瓦隆白蔷薇等等",2026-09-05 22:00:00,2026-07-05 23:59:59,2026-07-05 23:59:59,still_shortened
深圳,douban:37886109,"6.12解忧树洞|OH卡心理沙龙，每个解读都是一次自我发现的旅程",2026-09-04 17:00:00,2026-07-05 23:59:59,2026-07-05 23:59:59,still_shortened
深圳,douban:37886373,"6.12颂钵疗愈：减压-深度放松，让声音成为最温柔的疗愈力量",2026-09-04 20:30:00,2026-07-05 23:59:59,2026-07-05 23:59:59,still_shortened
深圳,douban:37886746,"深圳｜周末充电计划，每周认识新朋友",2026-08-30 18:00:00,2026-07-05 23:59:59,2026-07-05 23:59:59,still_shortened
深圳,douban:37888422,"6.21颂钵疗愈+欧卡：深度放松，给疲惫的人一场有回响的对话",2026-09-13 15:30:00,2026-07-05 23:59:59,2026-07-05 23:59:59,still_shortened
深圳,douban:37888439,"3次伴侣咨询：只有一个人努力，太久了就累了",2026-09-09 20:30:00,2026-07-05 23:59:59,2026-07-05 23:59:59,still_shortened
深圳,douban:37888479,"6.21正念沙龙亲密关系主题：所有关系的转折点，始于一个人先停止逃跑",2026-09-13 21:30:00,2026-07-05 23:59:59,2026-07-05 23:59:59,still_shortened
深圳,douban:37888562,"6.25亲密博弈主题沙龙：读懂感情里的供需法则",2026-09-10 22:00:00,2026-07-05 23:59:59,2026-07-05 23:59:59,still_shortened
深圳,douban:37888609,"6.19在艺术馆里跳探戈/Swing：零基础也能享受到这份浪漫！",2026-09-11 22:30:00,2026-07-05 23:59:59,2026-07-05 23:59:59,still_shortened
深圳,douban:37889173,"6.20南山区桌游局：女巫镇狼阿瓦隆白蔷薇险恶疑航忍者杀等~",2026-09-12 22:00:00,2026-07-05 23:59:59,2026-07-05 23:59:59,still_shortened
深圳,xiaohongshu:69d874fc000000002200d292:12_0,"小小市集",2026-07-19 23:59:59,2026-07-05 23:59:59,2026-07-05 23:59:59,still_shortened
深圳,xiaohongshu:6a2f6232000000000f01d285:02_0,"COEXIST × PINGU45周年南极奇境全球艺术展",2026-10-18 23:59:59,2026-07-05 23:59:59,2026-07-05 23:59:59,still_shortened
深圳,xiaohongshu:6a2f6232000000000f01d285:02_2,"国门守护·丹青传承：深圳海关缉私局查获近现代书画文物珍品特展",2026-08-09 23:59:59,2026-07-05 23:59:59,2026-07-05 23:59:59,still_shortened
深圳,xiaohongshu:6a2f6232000000000f01d285:03_0,"墨彩童年——王明明方楚雄儿童画作品特展",2026-08-09 23:59:59,2026-07-05 23:59:59,2026-07-05 23:59:59,still_shortened
深圳,xiaohongshu:6a31121b000000001603d3d9:12_2,"小小甜市多",2026-07-26 22:00:00,2026-07-05 23:59:59,2026-07-05 23:59:59,still_shortened
深圳,xiaohongshu:6a31121b000000001603d3d9:13_0,"首沧溟载艺：法国凯布朗利博物馆藏大洋洲艺术珍品展",2026-10-07 23:59:59,2026-07-05 23:59:59,2026-07-05 23:59:59,still_shortened
深圳,xiaohongshu:6a31121b000000001603d3d9:13_1,"建立新美术——20世纪上半叶粤港画坛的历史抉择",2026-09-06 23:59:59,2026-07-05 23:59:59,2026-07-05 23:59:59,still_shortened
深圳,xiaohongshu:6a31121b000000001603d3d9:13_2,"制物生新——当代青年艺术家综合材料创作邀请展",2026-08-02 23:59:59,2026-07-05 23:59:59,2026-07-05 23:59:59,still_shortened
深圳,xiaohongshu:6a31121b000000001603d3d9:14_3,"COEXIST x PINGU 45周年南极奇境全球艺术展",2026-10-18 23:59:59,2026-07-05 23:59:59,2026-07-05 23:59:59,still_shortened
深圳,xiaohongshu:6a31121b000000001603d3d9:16_3,"2026深圳荷花赏",2026-07-12 23:59:59,2026-07-05 23:59:59,2026-07-05 23:59:59,still_shortened
温州,douban:36917521,"无界宇宙·实验式航天亲子探索空间",2029-04-30 23:59:59,2026-07-05 23:59:59,2026-07-05 23:59:59,still_shortened
石家庄,douban:37405170,"[石家庄首展]BaoBao来了·治愈系艺术展",2026-07-09 23:59:00,2026-07-05 23:59:59,2026-07-05 23:59:59,still_shortened
石家庄,douban:37676709,"体验画画---零基础油画棒、水彩、彩铅、素描",2026-07-28 23:00:00,2026-07-05 23:59:59,2026-07-05 23:59:59,still_shortened
福州,douban:37658828,"[福州]《唐朝诡事录·西行》国潮沉浸剧场",2027-06-10 23:59:00,2026-07-05 23:59:59,2026-07-05 23:59:59,still_shortened
福州,douban:37772958,"【福建博物院】发现•海昏——西汉大一统叙事下的东南华章",2026-07-30 23:59:59,2026-07-05 23:59:59,2026-07-05 23:59:59,still_shortened
苏州,douban:37659874,"集光鬃影",2026-07-19 23:59:59,2026-07-05 23:59:59,2026-07-05 23:59:59,still_shortened
苏州,douban:37660211,"三体·时空漫游沉浸式科幻体验展",2026-08-31 23:59:59,2026-07-05 23:59:59,2026-07-05 23:59:59,still_shortened
苏州,douban:37716085,"【体验需预约】秦潮觉醒沉浸式探索体验",2026-12-31 23:59:59,2026-07-05 23:59:59,2026-07-05 23:59:59,still_shortened
苏州,douban:37724665,"H+美术馆 | 心游万象·无垠&徐震：文明漂移-一种组装技术",2026-08-16 23:59:59,2026-07-05 23:59:59,2026-07-05 23:59:59,still_shortened
苏州,douban:37820371,"IAM新展｜刘志成：消弭永固时刻",2026-07-19 23:59:59,2026-07-05 23:59:59,2026-07-05 23:59:59,still_shortened
苏州,douban:37820389,"喵趣横生——猫咪文化漫游展",2026-09-15 23:59:59,2026-07-05 23:59:59,2026-07-05 23:59:59,still_shortened
苏州,douban:37882461,"皇明敕造——明代荆藩金银器特展",2026-08-30 17:00:00,2026-07-05 23:59:59,2026-07-05 23:59:59,still_shortened
西安,douban:37353653,"哪吒5DVR",2026-08-11 23:59:59,2026-07-05 23:59:59,2026-07-05 23:59:59,still_shortened
西安,douban:37423368,"《悦秀喜乐汇》爆笑脱口秀喜剧剧场",2026-08-29 23:59:00,2026-07-05 23:59:59,2026-07-05 23:59:59,still_shortened
西安,douban:37460238,"【西安博物院私家讲解团】诉说朝代历史—倾听文物背后的故事",2026-09-30 23:59:00,2026-07-05 23:59:59,2026-07-05 23:59:59,still_shortened
西安,douban:37779420,"陕西联合2026中甲联赛主场套票",2026-11-07 23:59:00,2026-07-05 23:59:59,2026-07-05 23:59:59,still_shortened
西安,douban:37783846,"【陕图新展】《解密达芬奇》沉浸式探索展览",2026-11-30 23:59:59,2026-07-05 23:59:59,2026-07-05 23:59:59,still_shortened
西安,douban:37807653,"388悦享卡/598亲子年卡/888家庭卡/1188臻享卡",2026-12-31 23:59:00,2026-07-05 23:59:59,2026-07-05 23:59:59,still_shortened
西安,douban:37832444,"西安年轻人社交驿站——公众演讲",2026-07-20 21:30:00,2026-07-05 23:59:59,2026-07-05 23:59:59,still_shortened
西安,douban:37843940,"剑桥大学·自然魔法世界（6月12日起开放）",2027-02-21 23:59:59,2026-07-05 23:59:59,2026-07-05 23:59:59,still_shortened
西安,douban:37864178,"空白处的批注",2026-07-29 09:00:00,2026-07-05 23:59:59,2026-07-05 23:59:59,still_shortened
西安,douban:37872661,"西安高新线下心理互助小组",2026-07-29 20:30:00,2026-07-05 23:59:59,2026-07-05 23:59:59,still_shortened
西安,douban:37881756,"【读书会】13期——这本书，教会我好好爱自己",2026-07-31 21:00:00,2026-07-05 23:59:59,2026-07-05 23:59:59,still_shortened
西安,douban:37881760,"城市微醺夜—民谣与酒，一起微醺，打工人的chill时刻！",2026-07-31 22:30:00,2026-07-05 23:59:59,2026-07-05 23:59:59,still_shortened
西安,xiaohongshu:6a2670f50000000021015c86:05_0,"儿童美育优秀案例研究展",2026-09-30 23:59:59,2026-07-05 23:59:59,2026-07-05 23:59:59,still_shortened
西安,xiaohongshu:6a2670f50000000021015c86:06_0,"全天庆：玫瑰念珠",2026-08-29 23:59:59,2026-07-05 23:59:59,2026-07-05 23:59:59,still_shortened
西安,xiaohongshu:6a2670f50000000021015c86:06_1,"过期儿童：玩具、壳与失效情绪",2026-10-30 23:59:59,2026-07-05 23:59:59,2026-07-05 23:59:59,still_shortened
西安,xiaohongshu:6a2972b2000000003501e5c2:03_1,"公园冰淇淋咖啡节",2026-07-19 23:59:59,2026-07-05 23:59:59,2026-07-05 23:59:59,still_shortened
西安,xiaohongshu:6a2fcfd000000000110150d2:01_1,"热界潮玩节",2026-07-19 23:59:59,2026-07-05 23:59:59,2026-07-05 23:59:59,still_shortened
西安,xiaohongshu:6a2fcfd000000000110150d2:03_1,"玩具总动员5主题快闪",2026-07-27 23:59:59,2026-07-05 23:59:59,2026-07-05 23:59:59,still_shortened
西安,xiaohongshu:6a2fcfd000000000110150d2:04_0,"墨西哥风情阶梯艺术展",2026-07-12 23:59:59,2026-07-05 23:59:59,2026-07-05 23:59:59,still_shortened
西安,xiaohongshu:6a2fcfd000000000110150d2:04_1,"自然而然——然女孩x艺术家联展",2026-08-08 23:59:59,2026-07-05 23:59:59,2026-07-05 23:59:59,still_shortened
西安,xiaohongshu:6a2fcfd000000000110150d2:05_1,"雅集安装指南——简丽庭个展",2026-08-10 23:59:59,2026-07-05 23:59:59,2026-07-05 23:59:59,still_shortened
郑州,douban:36037408,"【家庭·畅玩票2大2小】全天不限时",2030-10-31 23:59:59,2026-07-05 23:59:59,2026-07-05 23:59:59,still_shortened
郑州,douban:36037431,"【亲子·畅玩票】全天不限时",2028-10-31 23:59:59,2026-07-05 23:59:59,2026-07-05 23:59:59,still_shortened
郑州,douban:36037448,"【学生·畅玩票】全天不限时",2030-10-31 23:59:59,2026-07-05 23:59:59,2026-07-05 23:59:59,still_shortened
郑州,douban:36037462,"【单人·畅玩票】全天不限时",2030-10-31 23:59:59,2026-07-05 23:59:59,2026-07-05 23:59:59,still_shortened
郑州,douban:37663065,"晤见李清照（郑州站）",2026-10-08 23:59:59,2026-07-05 23:59:59,2026-07-05 23:59:59,still_shortened
郑州,douban:37672185,"【双人·畅玩票】全天不限时",2030-10-31 23:59:59,2026-07-05 23:59:59,2026-07-05 23:59:59,still_shortened
郑州,douban:37694908,"《那不勒斯四部曲》《2666》等当代小说共读小组（坐标郑州）",2026-08-04 21:00:00,2026-07-05 23:59:59,2026-07-05 23:59:59,still_shortened
郑州,douban:37694935,"线下桌游：有一丢丢哲学味儿的【人生拍卖会】",2026-08-01 17:30:00,2026-07-05 23:59:59,2026-07-05 23:59:59,still_shortened
郑州,douban:37713210,"【家庭·畅玩票2大1小】全天不限时",2030-10-31 23:59:59,2026-07-05 23:59:59,2026-07-05 23:59:59,still_shortened
郑州,douban:37767722,"存在的低音|运斤沙龙【黑暗听歌会】第二期",2026-09-08 21:00:00,2026-07-05 23:59:59,2026-07-05 23:59:59,still_shortened
郑州,douban:37798179,"米菲，全世界的好朋友-全国城市巡展郑州站",2026-08-31 23:59:59,2026-07-05 23:59:59,2026-07-05 23:59:59,still_shortened
郑州,douban:37847654,"项链喜剧 | 【东区必看】沉浸式脱口秀《会有一天》爆笑即兴喜剧互动专场",2026-07-29 21:00:00,2026-07-05 23:59:59,2026-07-05 23:59:59,still_shortened
郑州,douban:37882648,"在世界杯期间，开启我们的文学世界杯",2026-09-05 21:00:00,2026-07-05 23:59:59,2026-07-05 23:59:59,still_shortened
郑州,xiaohongshu:6a0ece80000000003501e67c:08_1,"蛙声一片",2026-08-02 23:59:59,2026-07-05 23:59:59,2026-07-31 23:59:59,changed_again
郑州,xiaohongshu:6a0ece80000000003501e67c:10_0,"两周中原列国青铜展",2026-08-31 23:59:59,2026-07-05 23:59:59,2026-07-31 23:59:59,changed_again
重庆,douban:35411936,"【重庆首展】威尼斯电影节沉浸式VR体验《纸鹤》（Paper Birds）",2026-12-31 23:59:59,2026-07-05 23:59:59,2026-07-05 23:59:59,still_shortened
重庆,douban:36539096,"【世贸·天台131】门票+观光电梯+顶层天台套票",2026-12-31 23:59:59,2026-07-05 23:59:59,2026-07-05 23:59:59,still_shortened
重庆,douban:36615345,"无面之神VR沉浸式演艺",2027-08-31 23:59:59,2026-07-05 23:59:59,2026-07-05 23:59:59,still_shortened
重庆,douban:37390323,"探索重庆，周末一起拍照去！欢迎喜欢摄影的小伙伴加入！",2026-07-28 23:30:00,2026-07-05 23:59:59,2026-07-05 23:59:59,still_shortened
重庆,douban:37530194,"一间贩售温暖的中式小居酒屋 相遇的人们一起聊天、小聚：）",2026-07-21 23:30:00,2026-07-05 23:59:59,2026-07-05 23:59:59,still_shortened
重庆,douban:37530218,"橘屋桌游｜音乐聚会：新友情新恋情或许就在这里（周五or周六）",2026-07-18 23:30:00,2026-07-05 23:59:59,2026-07-05 23:59:59,still_shortened
重庆,douban:37530378,"威尼斯电影节金狮奖VR沉浸体验《苍穹》（Spheres）重庆首展",2026-12-31 23:59:59,2026-07-05 23:59:59,2026-07-05 23:59:59,still_shortened
重庆,douban:37669547,"[流浪雾都飞行影院]8分钟飞越8D重庆--IMAX级球幕动感过山车影院",2026-12-31 23:59:00,2026-07-05 23:59:59,2026-07-05 23:59:59,still_shortened
重庆,douban:37676673,"中式小居酒屋一起看电影 看什么电影大家说了算 支持点播",2026-07-21 23:30:00,2026-07-05 23:59:59,2026-07-05 23:59:59,still_shortened
重庆,douban:37862830,"环球活体自然科普展（重庆印象城馆）",2026-12-08 23:59:59,2026-07-05 23:59:59,2026-07-05 23:59:59,still_shortened
重庆,douban:37867751,"大隐小众电影观影会",2026-07-31 22:00:00,2026-07-05 23:59:59,2026-07-05 23:59:59,still_shortened
重庆,douban:37868004,"大隐读书会·以书会友",2026-08-02 21:30:00,2026-07-05 23:59:59,2026-07-05 23:59:59,still_shortened
重庆,douban:37879817,"每周六时间多且长期居留于重庆主城的青年来参加休闲逛山郊游吧",2026-09-12 18:00:00,2026-07-05 23:59:59,2026-07-05 23:59:59,still_shortened
重庆,douban:37879828,"重庆青年K歌爱好者集体：一个单纯唱歌娱乐的健康休闲圈等你来",2026-09-12 23:30:00,2026-07-05 23:59:59,2026-07-05 23:59:59,still_shortened
重庆,xiaohongshu:6a22bc9200000000080245d6:09_0,"跨越山海——寻找东西方传说中的奇幻生物",2026-10-18 23:59:59,2026-07-05 23:59:59,NOT_FOUND,not_in_db
重庆,xiaohongshu:6a22bc9200000000080245d6:10_1,"「剪的练习」陈粉丸个展",2026-10-07 18:00:00,2026-07-05 23:59:59,2026-07-05 23:59:59,still_shortened
重庆,xiaohongshu:6a22bc9200000000080245d6:13_1,"KKV海绵宝宝路人鱼快闪",2026-07-31 23:59:59,2026-07-05 23:59:59,2026-07-05 23:59:59,still_shortened
长春,douban:37406499,"[长春首展]BaoBao来了·治愈系艺术展",2026-07-31 23:59:00,2026-07-05 23:59:59,2026-07-05 23:59:59,still_shortened
长春,douban:37526872,"沉浸世界大空间VR（长春北京文化西街店）",2026-12-31 23:59:59,2026-07-05 23:59:59,2026-07-05 23:59:59,still_shortened
长春,douban:37676716,"体验画画---零基础油画棒、水彩、彩铅、素描",2026-07-28 23:00:00,2026-07-05 23:59:59,2026-07-05 23:59:59,still_shortened
长春,douban:37804109,"[吉林省博物馆]之间探方考古挖掘体验中心（让孩子亲手挖出历史）",2026-12-31 23:59:00,2026-07-05 23:59:59,2026-07-05 23:59:59,still_shortened
长春,douban:37818671,"泰友社 这有山 相声大会",2026-07-25 14:40:00,2026-07-05 23:59:59,2026-07-05 23:59:59,still_shortened
长春,douban:37837646,"笑傲江湖 经典影视作品视听交响音乐会",2026-07-11 20:10:00,2026-07-05 23:59:59,2026-07-05 23:59:59,still_shortened
长沙,douban:36108493,"【半趣斋365共修会员】用一整年的时间——陪你把日子过成滋养的模样",2026-12-31 23:59:00,2026-07-05 23:59:59,2026-07-05 23:59:59,still_shortened
长沙,douban:37596120,"【大英图书馆·世界像素】来自“英国国家图书馆”的世界文明博物展",2026-09-20 23:59:59,2026-07-05 23:59:59,2026-07-05 23:59:59,still_shortened
长沙,douban:37695310,"【半趣斋颂钵音疗课】一人学习颂钵音疗，保全家身心健康",2026-12-31 23:59:00,2026-07-05 23:59:59,2026-07-05 23:59:59,still_shortened
长沙,douban:37714748,"【半趣斋小团颂钵音疗会】释放情绪｜疏通淤堵｜身心疗愈｜减压放松",2026-07-31 17:00:00,2026-07-05 23:59:59,2026-07-05 23:59:59,still_shortened
长沙,douban:37714751,"【半趣斋'一日禅】野生灵芝素食疗+小团颂钵音疗+左手书法+手作+唱诵+住宿疗愈",2026-07-31 21:00:00,2026-07-05 23:59:59,2026-07-05 23:59:59,still_shortened
长沙,douban:37714765,"【半趣斋小团颂钵音疗会】释放情绪｜疏通淤堵｜身心疗愈｜减压放松",2026-07-31 17:00:00,2026-07-05 23:59:59,2026-07-05 23:59:59,still_shortened
长沙,douban:37714779,"【半趣斋一日禅】野生灵芝素食疗+小团颂钵音疗+左手书法+手作+唱诵+住宿疗愈",2026-07-31 21:00:00,2026-07-05 23:59:59,2026-07-05 23:59:59,still_shortened
长沙,douban:37850711,"《奔跑的向日葵》卢云艺术展",2026-07-29 23:59:59,2026-07-05 23:59:59,2026-07-05 23:59:59,still_shortened
长沙,douban:37851744,"夏日周末清晨岳麓山小路徒步招募",2026-07-26 10:30:00,2026-07-05 23:59:59,2026-07-05 23:59:59,still_shortened
长沙,douban:37866645,"青木读书会，每周六晚上，共读好书，共同成长",2026-07-25 22:00:00,2026-07-05 23:59:59,2026-07-05 23:59:59,still_shortened
长沙,douban:37868910,"心理成长小组，精准破局内心困扰",2026-07-11 11:30:00,2026-07-05 23:59:59,2026-07-05 23:59:59,still_shortened
长沙,xiaohongshu:6a21383a000000000702ad60:04_0,"同异——五人绘画艺术研究展",2026-07-12 23:59:59,2026-07-05 23:59:59,2026-07-12 23:59:59,restored
长沙,xiaohongshu:6a21383a000000000702ad60:06_0,"由此向大海——福船与远航的故事",2026-08-30 23:59:59,2026-07-05 23:59:59,2026-07-31 23:59:59,changed_again
长沙,xiaohongshu:6a21383a000000000702ad60:06_1,"2026「彩瓷源」陶瓷艺术展",2026-08-16 23:59:59,2026-07-05 23:59:59,2026-07-31 23:59:59,changed_again
长沙,xiaohongshu:6a21383a000000000702ad60:07_1,"Handowin『不上班』系列长沙首次个展",2026-07-10 18:30:00,2026-07-05 23:59:59,2026-07-10 18:30:00,restored
青岛,douban:37686032,"“爱乐之城”世界经典电影音乐作品交响音乐会",2026-07-25 21:00:00,2026-07-05 23:59:59,2026-07-05 23:59:59,still_shortened